Accouchement;111
Actualité;0,1,2,3,4,5,6,8
Amour;7,9,10,11,12,13,14,15,16,17,63,64,65,66,67,70,84,93,95
Art;18,20,21,22,23,24,25,26
BD;27,28,29,30,31,32,33,34,35
Bien;36,37,38,39,40,41,42,43,44
Brevet;120
Cerveau;118
Chef;48
Chien;32
Concours;3
Covid;5,125
Crime;91
Crise;54
Cuisine;45,46,47,48,49,50,51,52,53
Culture;54,55,56,57,58,59,60,61,62
Décoration;24
Défilé;22,25,26
Dégustation;45
Dessin;19,83
Disney;19
Eau;136
Echec;82
Ecole;88
Economie;6
Education;63,64,65,66,67,68,69,70,71
Eglise;114
Emission;53
Emotion;80,85,87
Enfant;69,81,84,85,86,87,88,89,116
Espace;117
Femme;78
Fiche;120
Fiction;126,127,128,129,130,131,132,133,134
France;8,47,72,73,74,75,76,77,78,140
Gaspillage;136
Généalogie;138
Général;55,58
Guerre;5,72,73,74,75,76,77
Histoire;72,73,74,75,76,77,78,79,80
Huile;110
Information;0,1,2,3,5,6,8
Internet;137,143
Italie;45
Japon;62
Jeunesse;27,28,29,30,31,32,33,34,35
K-Pop;16
Livre;134
Location;141,142
Loisir;81,82,83,84,85,86,87,88,89
Maison;141
Mandala;83
Mental;36,37,38,39,40,41,42,43,44,99,100,101,102,103,104,105,106,107
Mobilier;142
Mode;22,25,26
Mot;7
Nature;56,113
Nuit;90,94
Oeuvre;18,20,21,23,24
Pandémie;5,125
Pays;61
Peinture;18,20,23
Policier;90,91,92,93,94,95,96,97,98
Politique;7
Pratique;135,136,137,138,139,140,141,142,143
Princesse;19
Protection;139,143
Psychologie;99,100,101,102,103,104,105,106,107
Quebec;60
Rap;57
Rapide;49
Recette;46,47,48,49,50,51,52,53
Relation;9,11,12,13,14,15,16,17
Religion;119
Révision;120
Roman;90,91,92,93,94,95,96,97,98
Royal;10
Santé;36,37,38,39,40,41,42,43,44,108,109,110,111,112,113,114,115,116
Sauvegarde;139
Science;117,118,119,120,121,122,123,124,125,126,127,128,129,130,131,132,133,134
Scolaire;63,64,65,66,67,68
Sculpture;21
Sentiment;9,11,12,13,14,15,16,17,70
Social;121
Sombre;90
Sudoku;81
Téléphone;137
Trahison;15
Urgence;108,109
Vie;135,136,137,138,139,140,141,142,143
